repository,language,pr,baseSha,headSha,mergedAt,url,title
ardalis/GuardClauses,dotnet,357,dc2b6e879892418100e4aea2eccc7211e43c3b51,27e0501e267cc4247a045f263f94b097a062913d,2024-09-30T18:22:59Z,https://github.com/ardalis/GuardClauses/pull/357,Update Obsolete message to note reversal of logic.
ardalis/GuardClauses,dotnet,350,6186c68df5af66c7f92841ddbb1e457bb25266c5,687dbb682ce4b816a496f76f1ca60b74ee2a0014,2024-07-01T19:15:29Z,https://github.com/ardalis/GuardClauses/pull/350,Use Func to pass custom exception to Guard methods
ardalis/GuardClauses,dotnet,344,04f04876641f683e468305e28ae0ba0edf0cf033,cfe061d6526635281016d01db600325aa4c78b84,2024-04-19T16:22:35Z,https://github.com/ardalis/GuardClauses/pull/344,"Added new ""exception"" optional parameter"
ardalis/GuardClauses,dotnet,343,901616c608760843c52ed1d6fa0ee9d0dc336859,bdef868fa6bafea93f792121c2c05eb804f2d19a,2024-02-26T17:12:31Z,https://github.com/ardalis/GuardClauses/pull/343,Update for Guard Against StringLength
ardalis/GuardClauses,dotnet,338,1051a5b47750701bbd347c0981d7606c66f3abf8,1ce7005a857f75b50c0e6cc0737e0140a301a657,2024-02-10T20:03:07Z,https://github.com/ardalis/GuardClauses/pull/338,Removed different method signatures for NETFRAMEWORK and NETSTANDARD2_0
ardalis/GuardClauses,dotnet,328,d96c62cb22b81488ab823666047cbb65fcc08dbd,07e7d4ea93131b2cb7d0551fd02e8196d539def6,2024-01-23T20:57:53Z,https://github.com/ardalis/GuardClauses/pull/328,Performance Improvements: NullOrEmpty check on IEnumerable<T>
ardalis/SmartEnum,dotnet,549,c4e023f47e6d007da013c9672ea2bdab85cfa0d1,0e599f982512ed28b66ee173056c975a92cc96fc,2025-01-15T02:16:21Z,https://github.com/ardalis/SmartEnum/pull/549,Updates documentation on FromValue method to reference correct exception type
ardalis/SmartEnum,dotnet,550,b0d3d9a68164014ece53c56748f296c718a8cb44,13374e5640513a202f3a18506085709f0141ea5e,2025-01-15T02:13:36Z,https://github.com/ardalis/SmartEnum/pull/550,Updates appropriate null checks to all use pattern matching
ardalis/SmartEnum,dotnet,557,7ee05adba110200d6f66fcf342dc801d6255c6f5,901e0c9eb60b888f048f7621e13197a6c1a967b5,2024-11-19T16:39:44Z,https://github.com/ardalis/SmartEnum/pull/557,TEnum[] to List<TEnum> for webassembly compatibility issue in .net 9
ardalis/SmartEnum,dotnet,533,c5dcd50c8f078e7f03cd83dcec368d3d1c2b50e6,af40d4c8d94c1e154247c6f1cef3e2d7ddabc3db,2024-09-11T18:27:00Z,https://github.com/ardalis/SmartEnum/pull/533,Add guard clauses for SmartEnum
ardalis/SmartEnum,dotnet,516,7396d733bfa838cedfdb76020dbd63a476a5f9c6,68bd51420f4a664a0e9eeedbd4cd05e09e795e8d,2024-04-28T15:22:55Z,https://github.com/ardalis/SmartEnum/pull/516,#515 Optimise dependencies to remove polyfil
ardalis/SmartEnum,dotnet,497,cb3e458c5ae138a0752e0a54044edd978ba80531,a0e8a2651e30821166f962586da11f41bc1e832d,2024-04-28T15:13:57Z,https://github.com/ardalis/SmartEnum/pull/497,Introduce a way to enumerate the enum values without memory allocation
apache/commons-text,java,764,79083a00a3c593592a42dd975b6e9ed27e35179a,6b76d9c6dd4d4e16013617c2e676d6458d6eac62,2026-08-04T18:08:47Z,https://github.com/apache/commons-text/pull/764,[TEXT-242] StringSubstitutorReader now able to substitute variables whose configured suffix is longer than two characters
apache/commons-text,java,763,abbbfbfa864756e2832c20c70a63c149db4c41ae,1c12400583776ea817cb953fbd2ed8564c7f8ce2,2026-07-30T11:34:07Z,https://github.com/apache/commons-text/pull/763,"[TEXT-241] TextStringBuilder.lastIndexOf("") and StrBuilder.lastIndexOf("") return incorrect index for empty string (size - 1 instead of size)"
apache/commons-text,java,749,50b108d331069a70d75b8fe110597bbe54a63662,485cac87ff4f9790c8a82083a2afee50aedc70ed,2026-07-18T17:02:59Z,https://github.com/apache/commons-text/pull/749,Return null for malformed input in UrlDecoderStringLookup
apache/commons-text,java,762,e906a0801e03da31256f0cba00d002f9814e8a9a,acf187f0fab4ee8a9e142c772e1fa8b3df3eb6f7,2026-07-11T15:06:49Z,https://github.com/apache/commons-text/pull/762,Match String case folding in TextStringBuilder.equalsIgnoreCase
apache/commons-text,java,759,961ac7fc87e11d5fc0bf0302b48713731ce0cdaf,054f311380b71dc28599a0b1e0f7ac106340ef1b,2026-07-02T20:03:43Z,https://github.com/apache/commons-text/pull/759,Stop ExtendedMessageFormat seekNonWs reading past the pattern end
apache/commons-text,java,756,5eb248529803f80174102807ef13eb6006666329,596d9bafed33f3657c7ad801a33d42ecd554536f,2026-06-27T12:50:52Z,https://github.com/apache/commons-text/pull/756,Keep TextStringBuilder.reverse from splitting surrogate pairs
stleary/JSON-java,java,1070,1795e8cf26229229e7ab6fe4aeab0f51ffecda5a,94854a1dfafdf7ecf168a60593240ecce13e7634,2026-07-29T12:50:08Z,https://github.com/stleary/JSON-java/pull/1070,Fix XML.unescape rejecting valid whitespace numeric character references
stleary/JSON-java,java,1068,1efb5f6c4303fbc173697852654088de1ed2b0a3,9953b760502800f7871cd942a6c920c4306edf60,2026-07-19T17:43:10Z,https://github.com/stleary/JSON-java/pull/1068,Max number length config for BigInteger and BigDecimal
stleary/JSON-java,java,1067,90563eb8777e35e0ddf95c7a67a75102d26b04a4,703ac34a55400f9c50889e3d0c778b6d7962e81c,2026-07-16T17:31:17Z,https://github.com/stleary/JSON-java/pull/1067,bound BigDecimal to BigInteger expansion in objectToBigInteger (completes CVE-2026-59171 fix)
stleary/JSON-java,java,1065,c91d821dbef3d4386775f45a1fc2ee559aeb78e3,ab92bb9088a37f9e346cd1dda66f6a3c40a201e0,2026-07-06T17:23:25Z,https://github.com/stleary/JSON-java/pull/1065,Fixes CVE-2026-59171
stleary/JSON-java,java,1062,33a4698428c0155b91674cd87146cae9554cf468,8353b59fa0a76736fd37a714da16ff41732cc935,2026-06-21T12:09:27Z,https://github.com/stleary/JSON-java/pull/1062,Refactor CDL row serialization for readability
stleary/JSON-java,java,1061,33a4698428c0155b91674cd87146cae9554cf468,ad26e94274bfae929d1805d8e25c82fad8c06691,2026-06-18T16:02:38Z,https://github.com/stleary/JSON-java/pull/1061,Restore lenient jsonarray allow consecutive commas and insert null
FluentValidation/FluentValidation,dotnet,2158,0480d4a3afa4378ae1491297e70be05b6c266f87,44cca0f68171d83a693dafa7ec9f0a0260dea1ae,2023-10-04T15:45:06Z,https://github.com/FluentValidation/FluentValidation/pull/2158,Performance optimization: focusing on allocation reduction
FluentValidation/FluentValidation,dotnet,2155,f56d91e71fc66c9f14571b297b8f8453e520b411,099789b94c8a1dfcaae13e4d3cbe38dea604731d,2023-09-12T19:23:28Z,https://github.com/FluentValidation/FluentValidation/pull/2155,Added Khmer langauge resouce.
FluentValidation/FluentValidation,dotnet,2153,04f1a42fd030bef9133c0448b29459b961443804,4d201c35200b51d87df8523c1d0e0fa17847713d,2023-11-24T17:31:06Z,https://github.com/FluentValidation/FluentValidation/pull/2153,Fix null debuggability
FluentValidation/FluentValidation,dotnet,2151,5b9eebc398356b6b4dea255c5b9fa127652ca9bf,967e33d8091a2274cf3ef70d0542db6689c89b50,2023-09-03T07:31:36Z,https://github.com/FluentValidation/FluentValidation/pull/2151,Chinese  language tags change
FluentValidation/FluentValidation,dotnet,2149,4c1b8893fe9e28e6b3957e032c5b15e34a78e011,39f49cd4fd484ac1a4d4b54e18a3fca1736eee44,2023-09-02T16:32:58Z,https://github.com/FluentValidation/FluentValidation/pull/2149,update tasks and Reference assemblies
FluentValidation/FluentValidation,dotnet,2147,32befcfc9b87da25fe33f28c49aa6b6aab2b4ce6,f84717f78aee3e9d3b343c196d29ea9d61c14472,2023-08-29T08:57:26Z,https://github.com/FluentValidation/FluentValidation/pull/2147,Fix Serbian for LengthValidator
FluentValidation/FluentValidation,dotnet,2140,d5818c8cf296d40c2fcdce5b4b0ebbefd8956e44,d9fcaa849f4cfb4941cac5c3080aae4250040ef8,2023-08-12T19:33:03Z,https://github.com/FluentValidation/FluentValidation/pull/2140,Also combine RuleSetsExecuted in ValidationResult combine ctor
FluentValidation/FluentValidation,dotnet,2136,ef50516decf652fd9f97090a4a4a9e114d458ce8,659fb1a7dfce895c98b21df64e67e6fe966f6e1b,2025-01-02T12:47:56Z,https://github.com/FluentValidation/FluentValidation/pull/2136,Improve performance by removing sync-over-async by generating sync methods using Zomp.SyncMethodGenerator
FluentValidation/FluentValidation,dotnet,2135,1f9102d8ab299eeddf3b4ffda9b96b695dedecfb,622de25f4450564614bd91786c34728902d2e301,2023-08-11T13:48:24Z,https://github.com/FluentValidation/FluentValidation/pull/2135,Add PropertyPath placeholder (#2134)
FluentValidation/FluentValidation,dotnet,2131,34f92059b3197a87ba763fce00a43387aa00e951,98ae0d9444b3914c0747cbf886870ca56ce9e2d8,2023-08-03T11:01:54Z,https://github.com/FluentValidation/FluentValidation/pull/2131,Fix Brazilian Portuguese translation message
FluentValidation/FluentValidation,dotnet,2129,923cbc3b67990eb48ea0c4f8e86d67e6c7478e4c,a19ae9c8f7a4017450ef38e2d1b72e71e39d3483,2023-07-30T16:44:54Z,https://github.com/FluentValidation/FluentValidation/pull/2129,fix capitalization in ValidationResult constructor summary
FluentValidation/FluentValidation,dotnet,2120,aa61b359983e74895c69a0bd592512dea726bc30,87aa5f3b8bc5a0e19c0c584ce0ab711e8f390441,2023-07-04T17:24:40Z,https://github.com/FluentValidation/FluentValidation/pull/2120,Add OnFailureCreated callback
FluentValidation/FluentValidation,dotnet,2283,792ce73236dda4de85dec81676248255a7e7fde7,a99b45d224493e101b84185228a8eb27080d4a6b,2024-12-24T13:53:24Z,https://github.com/FluentValidation/FluentValidation/pull/2283,Add Serbian cyrillic language
FluentValidation/FluentValidation,dotnet,2278,f534dca8bee4223dbc8f30e2a1870b59a390177c,f112b6a04f7d3e855faa4ad5f125778e8d4571a9,2024-11-16T19:42:47Z,https://github.com/FluentValidation/FluentValidation/pull/2278,Add WithState(...) overload with access to ValidationContext<T>
FluentValidation/FluentValidation,dotnet,2263,f322bb3d6d37e7cf9c8bccc1be0727ef75e30dce,549305b84bbc1c4b0f9f67089ac987c795e6094f,2024-10-06T09:10:58Z,https://github.com/FluentValidation/FluentValidation/pull/2263,leverage MSBuildThisFileDirectory to simplify path resolution
FluentValidation/FluentValidation,dotnet,2262,f322bb3d6d37e7cf9c8bccc1be0727ef75e30dce,c071787a2d01f7fa0c8090bf6d100cc20622dd14,2024-10-06T09:11:14Z,https://github.com/FluentValidation/FluentValidation/pull/2262,move to LangVersion 12
FluentValidation/FluentValidation,dotnet,2258,f322bb3d6d37e7cf9c8bccc1be0727ef75e30dce,62f918392faaf12fe3731697eac009f1cc3d89fe,2024-10-06T09:10:20Z,https://github.com/FluentValidation/FluentValidation/pull/2258,remove LegacyRulesetSplit
FluentValidation/FluentValidation,dotnet,2257,dfe5764a236fe71a73741fede3a7e167e4de8c4b,e576b948575b0cf48647f5fc63cb5095534bcbe0,2024-10-05T10:02:19Z,https://github.com/FluentValidation/FluentValidation/pull/2257,remove some usings
FluentValidation/FluentValidation,dotnet,2256,dfe5764a236fe71a73741fede3a7e167e4de8c4b,a909af73932bba2e8fac5522f7805d81002a2d7d,2024-10-05T10:03:17Z,https://github.com/FluentValidation/FluentValidation/pull/2256,remove some redundant private set
FluentValidation/FluentValidation,dotnet,2255,dfe5764a236fe71a73741fede3a7e167e4de8c4b,4594c1e40389523716a519dcef037bda3d838513,2024-10-05T10:03:49Z,https://github.com/FluentValidation/FluentValidation/pull/2255,move SignAssembly to props and remove redundant DelaySign
FluentValidation/FluentValidation,dotnet,2254,dfe5764a236fe71a73741fede3a7e167e4de8c4b,b92c7f4fe40b9d1542b771b9f9cced4ff4adc5ff,2024-10-05T10:04:37Z,https://github.com/FluentValidation/FluentValidation/pull/2254,remove some redundant casts
FluentValidation/FluentValidation,dotnet,2253,78a82311384a8f1a51be9abe641949b1ff944d81,c174cee47d97522f4bd241afb77fdb5f4805e987,2024-10-04T10:41:24Z,https://github.com/FluentValidation/FluentValidation/pull/2253,remove redundant proj props that default to the file name
FluentValidation/FluentValidation,dotnet,2252,36bdf7a52060fb14cfe5f8c5d9503c3b3a3270bb,443706c2f35b6bd92ed7531f60580d58bd3c19b8,2024-10-04T11:28:06Z,https://github.com/FluentValidation/FluentValidation/pull/2252,move DebugType>embedded to dir props
FluentValidation/FluentValidation,dotnet,2251,78a82311384a8f1a51be9abe641949b1ff944d81,d435ef419b6437df89271374c95f55e2ffb93288,2024-10-04T10:40:42Z,https://github.com/FluentValidation/FluentValidation/pull/2251,simplify doc file generation
FluentValidation/FluentValidation,dotnet,2249,8d3aa78bfe2fb87271e44043e197584d46881a41,7291526f866f2b67ffe7fb6d07ea1230a98314a3,2024-10-03T12:38:50Z,https://github.com/FluentValidation/FluentValidation/pull/2249,use default instead of new CancellationToken
FluentValidation/FluentValidation,dotnet,2250,78a82311384a8f1a51be9abe641949b1ff944d81,5461c597eb0486458707243cf72ed83bf187a63c,2024-10-04T10:39:52Z,https://github.com/FluentValidation/FluentValidation/pull/2250,add Directory.Build.props to sln items
FluentValidation/FluentValidation,dotnet,2248,8d3aa78bfe2fb87271e44043e197584d46881a41,107d6e53b891df715b3cfb432095b56ea4eb321a,2024-10-03T12:38:28Z,https://github.com/FluentValidation/FluentValidation/pull/2248,omit sourcelink
FluentValidation/FluentValidation,dotnet,2247,b4a67e7d20ae071c19cceeb5d49f3ee1e4ed0c36,8d43cc0b9f0e0c3cb631dc6773113d67980deab4,2024-10-03T11:42:28Z,https://github.com/FluentValidation/FluentValidation/pull/2247,allow pre-release sdk
FluentValidation/FluentValidation,dotnet,2244,7a85fbb4c7bf0008b0722ca9f2a6258e09216fb7,3dc285005f02ea9179e6bf450dcebfec238c91cc,2024-09-14T12:56:10Z,https://github.com/FluentValidation/FluentValidation/pull/2244,Create IEnumValidator to expose the targeted Enum type of EnumValidator.
FluentValidation/FluentValidation,dotnet,2241,7a85fbb4c7bf0008b0722ca9f2a6258e09216fb7,c57ec479a5c83c86fc1d45070fa4de7b5f497f0e,2024-09-14T12:56:39Z,https://github.com/FluentValidation/FluentValidation/pull/2241,Add WhereAsync as conterpart to Where on collection rules (#2240)
FluentValidation/FluentValidation,dotnet,2239,7a85fbb4c7bf0008b0722ca9f2a6258e09216fb7,77dc92bb3d16e6be6c396052b5a97581c05d9bf3,2024-09-15T09:54:09Z,https://github.com/FluentValidation/FluentValidation/pull/2239,Create Romansh language
FluentValidation/FluentValidation,dotnet,2233,7a85fbb4c7bf0008b0722ca9f2a6258e09216fb7,c63da108e2cb58fcc950a3a535a28b1d23f089cb,2024-09-14T13:11:38Z,https://github.com/FluentValidation/FluentValidation/pull/2233,Remove unnecessary word
FluentValidation/FluentValidation,dotnet,2232,1bba0b2c7bbb87da766fd078c5383525dac2d451,4083da750ac9103ffecf395042fb7141dd699f8c,2024-07-12T16:49:51Z,https://github.com/FluentValidation/FluentValidation/pull/2232,Fixed double semicolon typo
FluentValidation/FluentValidation,dotnet,2229,1bba0b2c7bbb87da766fd078c5383525dac2d451,93ae9e1cce13c1b08f06c54afecf3c16521fcf98,2024-07-16T10:51:46Z,https://github.com/FluentValidation/FluentValidation/pull/2229,"StringEnumValidator, cache enum names"
FluentValidation/FluentValidation,dotnet,2228,5bdac5bf74b1dcf36f4183a6a3441b03b2b6a3a3,eb0a7cf15d512b3909e626c8d08881737c029e4a,2024-06-30T20:18:34Z,https://github.com/FluentValidation/FluentValidation/pull/2228,Included Latvian (LV) localization resources.
FluentValidation/FluentValidation,dotnet,2225,241394a176490d334f00b9802d0b092b3b3dd387,d22e6a2c1b12d7e234ea3cecdb0e5a740c916d93,2024-06-12T14:19:05Z,https://github.com/FluentValidation/FluentValidation/pull/2225,Update rulesets.md
FluentValidation/FluentValidation,dotnet,2220,a0eaeae3721a647c8f253c559271a7708fb97cc2,562c8584fbe44b908bc19fb80cb75cd0ff748f64,2024-06-05T08:26:56Z,https://github.com/FluentValidation/FluentValidation/pull/2220,Fix typo in aspnet.md
FluentValidation/FluentValidation,dotnet,2217,5bcab9055d75d2f2d32e3a36d369dfc010f95fd2,5350de5b0d1632556094ac98fc669f9183c86acc,2024-06-01T10:02:44Z,https://github.com/FluentValidation/FluentValidation/pull/2217,TryGetPropertyValue unit tests
FluentValidation/FluentValidation,dotnet,2216,14cef8c70a4ce8584a1842405467b39d43dc5e2c,0b78603e9f7a3ae4fa822e11dc31b857bd474479,2024-05-25T11:18:07Z,https://github.com/FluentValidation/FluentValidation/pull/2216,Issues #2124 Make TryGetPropertyValue generic to avoid boxing
FluentValidation/FluentValidation,dotnet,2215,14cef8c70a4ce8584a1842405467b39d43dc5e2c,1300017087b4dc3fb4979ec15fa11d659b2782bf,2024-05-25T11:17:30Z,https://github.com/FluentValidation/FluentValidation/pull/2215,"Move the IValidationRule<T, TProperty>.SetDisplayName(string) method to the IValidationRule interface."
FluentValidation/FluentValidation,dotnet,2213,a0eaeae3721a647c8f253c559271a7708fb97cc2,64a8d07a0f8dcec114fa12332b88b97442c484d3,2024-06-10T12:19:07Z,https://github.com/FluentValidation/FluentValidation/pull/2213,Issue 2211. ScalePrecisionValidator error message clarification.
FluentValidation/FluentValidation,dotnet,2206,4df7f57d58cf1ecac5abbbff0c60cf0c81c75b11,c894ff09b638e55b0be45cdd3973810ac3cccfb2,2024-04-19T18:55:05Z,https://github.com/FluentValidation/FluentValidation/pull/2206,"replace english ""and"" with german ""und"""
FluentValidation/FluentValidation,dotnet,2200,24805a2b23d1b456361acabf1884bc8d7550a237,49e2ba89b8a431308a5e5a63d83f4e3bd0f8941d,2024-03-13T20:58:14Z,https://github.com/FluentValidation/FluentValidation/pull/2200,Improved AccessorCache<T>